{
  "jet_mu": [
    10.85429002458759,
    0.0025230256268728613
  ],
  "jet_sigma": [
    0.5861653431716852,
    1.2681954853773252
  ],
  "track_mu": [
    1.8303128148869193e-06,
    -7.483554240487684e-05,
    0.0001462113461694972,
    -0.001004371229107979,
    0.00024497520328910124,
    7.486183520476493e-06,
    0.0013104678684354128,
    0.0019735529613738464,
    2.331457228623586,
    1.0682655255036198,
    3.9682192818695428,
    8.068917770198102,
    0.9651360268427089,
    0.974388604453865,
    0.021178899512587425,
    0.020181454858747075,
    0.03825976411838618,
    0.04746474827401054,
    0.1775912153354814
  ],
  "track_sigma": [
    0.0005050470014570433,
    0.1295762573645029,
    0.13173466784030433,
    0.5678747491577131,
    1.2394283797780885,
    8.374856069614888e-06,
    0.0010390077143616371,
    0.002022574658181294,
    9.082185269867754,
    9.974208114135005,
    1.0143148301745368,
    1.4871521310317466,
    0.3870353646487606,
    0.4338621497134836,
    0.1439803935542029,
    0.14713720954636403,
    0.1918227165066527,
    0.28957130758865185,
    0.47372145996461146
  ]
}