{"jet_mu": [10.854053972787733, 0.0037535061710494023], "jet_sigma": [0.5863810234317899, 1.2684464466651206], "track_mu": [1.7686919038289262e-06, -7.316846751129042e-05, 0.00012144285781858413, -0.001137862586040653, 0.00024778732354936044, 7.489480240422258e-06, 0.0013102919766108114, 0.001974213285824636, 2.328836820282249, 1.064208672444037, 3.968731531620061, 8.068650127044096, 0.9653822330040817, 0.9745243985947752, 0.02124566412705698, 0.020267521243779882, 0.038349879395769566, 0.04745211786657519, 0.17769485996767193], "track_sigma": [0.0005050659971546204, 0.1295959635967048, 0.13173706228779092, 0.5674559936783677, 1.2405316354037417, 8.462834124429126e-06, 0.0010389078109335605, 0.0020299704104180276, 9.06832244595685, 9.98586827378716, 1.0138749416965385, 1.4871863220772417, 0.38682259478482633, 0.4338964046048544, 0.1442022395209502, 0.14746157196242654, 0.19203949111080507, 0.2895853814930346, 0.4736542111277771]}